dossier_id,target,category,geo,workspace,path,n_files,n_md,words,confirmed,inference,speculation,n_url_refs,n_domains,xlsx,csv,images,raw_captures,top_domains
D01,Human API / LexisNexis Health Intelligence,Consumer health-data aggregation API / EHR data network,US,019f982a,workspace-019f982a-d67d-70d5-a76a-846c4e148dc6/humanapi_research,49,2,9141,127,71,9,26,7,5,2,20,4,admin.humanapi.co; api.humanapi.co; auth.humanapi.co; cdn.humanapi.co; reference.humanapi.co; risk.lexisnexis.com
D02,Regacore,Longevity / regenerative clinic platform,US,019f982a,workspace-019f982a-d67d-70d5-a76a-846c4e148dc6/regacore_research,82,2,10274,0,0,0,41,14,2,2,44,0,health.google; play.google.com; propakistani.pk; superpower.com; support.levels.com; www.apple.com
D03,Superpower Health,Preventive/longevity AI health OS,US,019f9855,workspace-019f9855-4822-7046-8e47-7da28191354f/ovexis_ci,59,1,20983,253,85,35,5,3,1,0,0,41,api.superpower.com; app.superpower.com; superpower.com
D04,Function Health,Biomarker testing membership,US,019f9856,workspace-019f9856-35b9-7f24-bb00-3d70028e73f3/function_health_report,23,23,35322,215,113,12,17,6,0,0,0,0,function.ai; github.com; my.functionhealth.com; production-member-app-mid-lhuqotpy2a-ue.a.run.app; securetoken.googleapis.com; www.functionhealth.com
D05,Levels Health,CGM / metabolic health,US,019f9857,workspace-019f9857-dbe9-7499-b2f0-5687420a8382,4,1,17013,266,392,26,129,27,1,1,0,0,apps.apple.com; businesswire.com; developer.android.com; developer.apple.com; github.com; glass.health
D06,OpenEvidence,Clinical AI answer engine / CDS,US,019f9858,workspace-019f9858-be62-7019-9698-2ca9db15e647/openevidence_ci,12,1,15765,249,539,6,64,35,1,0,6,0,apps.apple.com; developer.android.com; glass.health; jobs.ashbyhq.com; jobs.thrivecap.com; mergr.com
D07,Glass Health,AI clinical decision support / DDx,US,019f9859,workspace-019f9859-a691-7a2d-9a99-02c5ff5b429f,3,1,6597,83,92,4,16,5,1,0,0,0,blog.glass.health; glass.health; www.finsmes.com; www.linkedin.com; www.reddit.com
D08,AMBOSS,Medical knowledge / CDS / med-ed,DE/US,019f985d,workspace-019f985d-6d82-78b6-852d-53b695a00bef,7,2,12957,246,405,39,385,20,2,2,0,0,apps.apple.com; arxiv.org; athletechnews.com; careers.amboss.com; cherry.vc; developer.android.com
D09,Apollo 24|7,Integrated care + e-pharmacy + telehealth,IN,019f9869,workspace-019f9869-f00d-755a-be1b-6720d95fa6f1,2,1,6776,110,138,13,32,17,1,0,0,0,apollo247.com; appedus.com; apps.apple.com; careers.apollo247.com; ciengine.com; cloud.google.com
D10,Tata 1mg,E-pharmacy + diagnostics + teleconsult,IN,019f986b,workspace-019f986b-7d0e-796a-867b-7e058a736936,2,1,13006,227,51,41,0,0,0,1,0,0,
D11,HealthifyMe / Healthify,AI nutrition & behaviour change,IN/US,019f986c,workspace-019f986c-8786-7e76-9541-e19f8b03a79f/ovexis_ci,31,5,41437,684,392,94,49,30,1,1,0,12,app.sensortower.com; brandequity.economictimes.indiatimes.com; crowncounseling.com; economictimes.indiatimes.com; en.wikipedia.org; healthifyme.pissedconsumer.com
D12,Apple Health / HealthKit,Device-native personal health data substrate,US,019f986d,workspace-019f986d-411a-7dec-bf31-83329604686a,3,1,7176,128,92,4,19,9,1,0,0,0,developer.apple.com; github.com; investor.apple.com; med.stanford.edu; support.apple.com; www.accessdata.fda.gov
D13,Google Health,Platform + cloud healthcare AI,US,019f986e,workspace-019f986e-104d-7ad2-bdfc-1a680c5b4af2,3,1,13841,353,337,6,2,2,1,0,0,0,health.google; healthapp.google
D14,Oura Health,Wearable ring / longitudinal biometrics,FI/US,019f986f,workspace-019f986f-2ffa-706d-a1e5-9740ced74056,2,2,13399,246,39,9,129,39,0,0,0,0,app.resumeset.com; avidonhealth.com; businessmodelcanvastemplate.com; comparesmartrings.com; en.wikipedia.org; finance.yahoo.com
D15,Atropos Health,Real-world evidence generation OS,US,019f98f0,workspace-019f98f0-ca7e-79be-b776-4b422bfcc4d6,13,5,9131,271,159,12,209,10,5,0,0,0,apps.apple.com; github.com; jobs.ashbyhq.com; patents.google.com; play.google.com; portal.atroposhealth.com
D16,WHOOP,Wearable membership / performance intelligence,US,019f98f2,workspace-019f98f2-23e3-742e-bce7-c6e40f6bb0d5,23,15,21655,641,259,23,66,8,5,2,0,0,api.prod.whoop.com; developer.whoop.com; engineering.prod.whoop.com; jobs.ashbyhq.com; support.whoop.com; www.accessdata.fda.gov
D17,Practo,Discovery + teleconsult + clinic/hospital software,IN,019f98f9,workspace-019f98f9-33f6-79c8-a32f-db7444e7030e,14,2,16611,390,111,76,30,27,1,0,8,1,app.dealroom.co; apps.apple.com; blog.practo.com; businessmodelcanvastemplate.com; economictimes.indiatimes.com; entrackr.com
D18,UpToDate (Wolters Kluwer),Clinical reference / evidence platform,US/NL,019f98f9,workspace-019f98f9-e658-7983-9853-66752a296b8c/ovexis-uptodate-ci,34,28,54638,913,913,149,0,0,0,2,4,0,
D19,Ultrahuman,Wearable ring / metabolic + longevity,IN,019f98fa,workspace-019f98fa-4428-70ec-a24f-d48d08f48db7,17,15,14158,174,282,21,202,15,1,0,0,0,blog.ultrahuman.com; cyborg.ultrahuman.com; economictimes.indiatimes.com; en.wikipedia.org; inc42.com; openwearables.io
G01,JARVIS-Automation (engineering ground truth),Internal repo due-diligence — 2 independent panels,IN,019f99a1,workspace-019f99a1-5ba7-7a10-b769-47b4aa1afe81/assessment,2,2,23276,0,0,0,4,2,0,0,0,0,api.github.com; github.com
I01,HPID Phase-0 registry (449 platforms),Machine-readable ecosystem registry,IN,019f99e7,workspace-019f99e7-ea8f-7117-857e-30b5e9a2a7a9/hpid,12,2,2572,0,0,0,4,1,0,1,0,0,abdm.gov.in
