id,journey,stage,owners,gap_class,gap_position,concept,jarvis,domain
W001,administration,bed_capacity,0,TRUE_GAP,AT_COMMIT,task_workflow_engine,partial_exists,administrative
W002,administration,mis_reporting,0,TRUE_GAP,before_commit,analytics_dashboard,absent,administrative
W003,administration,procurement,15,CROWDED,unmapped,,unknown,administrative
W004,administration,staff_roster,2,UNOWNED,AT_COMMIT,task_workflow_engine,partial_exists,administrative
W005,billing,assign_codes,6,CONTESTED,AT_COMMIT,billing_claims,absent,financial
W006,billing,capture_charges,1,UNOWNED,AT_COMMIT,billing_claims,absent,financial
W007,billing,collect_patient_share,15,CROWDED,unmapped,,unknown,financial
W008,billing,submit_claim,1,UNOWNED,AT_COMMIT,billing_claims,absent,financial
W009,billing,track_denial,1,UNOWNED,AT_COMMIT,billing_claims,absent,financial
W010,billing,validate_claim,0,TRUE_GAP,AT_COMMIT,billing_claims,absent,financial
W011,compliance,access_control,16,CROWDED,wrapper,security_access_control,partial_exists,administrative
W012,compliance,audit_trail,13,CROWDED,before_commit,explainability_provenance,partial_exists,administrative
W013,compliance,breach_response,7,CONTESTED,unmapped,,unknown,administrative
W014,compliance,consent_capture,0,DISCUSSED_NOT_OWNED,before_commit,consent_management,absent,administrative
W015,compliance,regulatory_report,0,DISCUSSED_NOT_OWNED,wrapper,compliance_certification,absent,administrative
W016,doctor,code_encounter,5,CONTESTED,AT_COMMIT,billing_claims,absent,clinical
W017,doctor,decide_treatment,9,CONTESTED,unmapped,,unknown,clinical
W018,doctor,document_note,19,CROWDED,AT_COMMIT,documentation_scribe,partial_exists,clinical
W019,doctor,form_differential,4,CONTESTED,before_commit,clinical_decision_support,absent,clinical
W020,doctor,handoff,5,CONTESTED,AT_COMMIT,referral_care_coordination,absent,clinical
W021,doctor,interpret_results,1,UNOWNED,before_commit,clinical_decision_support,absent,clinical
W022,doctor,order_tests,4,CONTESTED,AT_COMMIT,ordering_eprescribing,absent,clinical
W023,doctor,prescribe,13,CROWDED,AT_COMMIT,ordering_eprescribing,absent,clinical
W024,doctor,refer_or_admit,17,CROWDED,AT_COMMIT,referral_care_coordination,absent,clinical
W025,doctor,review_inbox_results,2,UNOWNED,AT_COMMIT,task_workflow_engine,partial_exists,clinical
W026,doctor,review_prior_record,9,CONTESTED,before_commit,ehr_record_retrieval,absent,clinical
W027,doctor,take_history,0,TRUE_GAP,unmapped,,unknown,clinical
W028,emergency,disposition_decide,0,TRUE_GAP,before_commit,clinical_decision_support,absent,clinical
W029,emergency,triage,9,CONTESTED,before_commit,clinical_decision_support,absent,clinical
W030,icu,continuous_monitor,2,UNOWNED,before_commit,anomaly_alerting,absent,clinical
W031,icu,multi_team_round,10,CROWDED,unmapped,,unknown,clinical
W032,icu,ventilator_manage,0,TRUE_GAP,before_commit,anomaly_alerting,absent,clinical
W033,insurance,adjudicate,0,DISCUSSED_NOT_OWNED,AT_COMMIT,billing_claims,absent,financial
W034,insurance,pre_authorise,2,UNOWNED,AT_COMMIT,billing_claims,absent,financial
W035,insurance,verify_coverage,6,CONTESTED,unmapped,,unknown,financial
W036,laboratory,analyse,1,UNOWNED,unmapped,,unknown,administrative
W037,laboratory,collect_specimen,3,CONTESTED,unmapped,,unknown,administrative
W038,laboratory,flag_critical,0,DISCUSSED_NOT_OWNED,before_commit,anomaly_alerting,absent,administrative
W039,laboratory,release_result,0,TRUE_GAP,before_commit,anomaly_alerting,absent,administrative
W040,laboratory,validate_result,2,UNOWNED,unmapped,,unknown,administrative
W041,management,capacity_plan,0,TRUE_GAP,before_commit,analytics_dashboard,absent,administrative
W042,management,dashboard_review,19,CROWDED,before_commit,analytics_dashboard,absent,administrative
W043,management,revenue_analyse,1,UNOWNED,unmapped,,unknown,administrative
W044,nurse,administer_meds,4,CONTESTED,AT_COMMIT,ordering_eprescribing,absent,clinical
W045,nurse,document_care,0,TRUE_GAP,AT_COMMIT,documentation_scribe,partial_exists,clinical
W046,nurse,escalate_deterioration,9,CONTESTED,before_commit,anomaly_alerting,absent,clinical
W047,nurse,give_handover,0,TRUE_GAP,AT_COMMIT,referral_care_coordination,absent,clinical
W048,nurse,monitor_response,0,TRUE_GAP,before_commit,anomaly_alerting,absent,clinical
W049,nurse,record_vitals,6,CONTESTED,before_commit,patient_reported_input,absent,clinical
W050,operation_theatre,consent,0,UNOWNED,unmapped,,unknown,clinical
W051,operation_theatre,perform_surgery,2,UNOWNED,unmapped,,unknown,clinical
W052,operation_theatre,schedule_slot,0,TRUE_GAP,AT_COMMIT,scheduling_booking,absent,clinical
W053,operation_theatre,turnover_room,0,TRUE_GAP,AT_COMMIT,task_workflow_engine,partial_exists,clinical
W054,patient,adhere_at_home,16,CROWDED,wrapper,gamification_habit,absent,patient
W055,patient,book,18,CROWDED,AT_COMMIT,scheduling_booking,absent,patient
W056,patient,consult,20,CROWDED,human_fallback,teleconsultation,absent,patient
W057,patient,diagnosis_explained,16,CROWDED,before_commit,explainability_provenance,partial_exists,patient
W058,patient,escalate_if_worse,16,CROWDED,unmapped,,unknown,patient
W059,patient,find_provider,15,CROWDED,wrapper,provider_discovery,absent,patient
W060,patient,follow_up,13,CROWDED,AT_COMMIT,scheduling_booking,absent,patient
W061,patient,pay,16,CROWDED,wrapper,subscription_billing,absent,patient
W062,patient,pre_visit_intake,1,UNOWNED,unmapped,,unknown,patient
W063,patient,prescription_filled,18,CROWDED,AT_COMMIT,ordering_eprescribing,absent,patient
W064,patient,register_checkin,13,CROWDED,before_commit,identity_resolution,absent,patient
W065,patient,results_returned,2,UNOWNED,before_commit,anomaly_alerting,absent,patient
W066,patient,tests_ordered,3,CONTESTED,unmapped,,unknown,patient
W067,patient,tests_performed,8,CONTESTED,unmapped,,unknown,patient
W068,patient,treatment_decided,15,CROWDED,AT_COMMIT,protocol_commitment,absent,patient
W069,patient,wait,5,CONTESTED,unmapped,,unknown,patient
W070,pharmacy,check_stock,18,CROWDED,AT_COMMIT,inventory_supply,absent,administrative
W071,pharmacy,counsel_patient,4,CONTESTED,unmapped,,unknown,administrative
W072,pharmacy,dispense,1,UNOWNED,AT_COMMIT,inventory_supply,absent,administrative
W073,pharmacy,reorder_stock,3,CONTESTED,AT_COMMIT,inventory_supply,absent,administrative
W074,pharmacy,verify_interaction,5,CONTESTED,wrapper,safety_guardrails,partial_exists,administrative
W075,quality,audit_chart,1,UNOWNED,before_commit,evidence_generation,absent,administrative
W076,quality,define_indicator,8,CONTESTED,unmapped,,unknown,administrative
W077,quality,incident_report,2,UNOWNED,unmapped,,unknown,administrative
W078,radiology,acquire_image,5,CONTESTED,unmapped,,unknown,administrative
W079,radiology,communicate_critical,0,TRUE_GAP,before_commit,anomaly_alerting,absent,administrative
W080,radiology,read_report,0,DISCUSSED_NOT_OWNED,before_commit,imaging_capture,absent,administrative
W081,radiology,store_pacs,5,CONTESTED,unmapped,,unknown,administrative
W082,reception,queue_manage,11,CROWDED,unmapped,,unknown,administrative
W083,reception,verify_eligibility,5,CONTESTED,unmapped,,unknown,administrative
W084,reception,verify_identity,10,CROWDED,unmapped,,unknown,administrative
