Page name,URL,Viewport,Screenshot,Title,Visible components summary,Hosts observed,Observed/inferred,Confidence
landing,https://www.regacore.com/,1440x1000,screenshots/landing_desktop.jpg,Regacore,"What we test | FAQs | Log in | Become a member | Menu | Log in | Be a member | Explore | What we test | How it works | FAQ | About | Company | Blog |  | Join our waitlist for early access |  | Join waitlist | HSA/ FSA eligible | Get better at being | healthy, every year |  | 100+ biomarkers. A plan built around you. | Everything you need to act","static.cloudflareinsights.com, www.regacore.com",Observed,High
whatwetest,https://www.regacore.com/whatwetest,1440x1000,screenshots/whatwetest_desktop.jpg,Regacore,"What we test | FAQs | Log in | Become a member | Menu | Log in | Be a member | Explore | What we test | How it works | FAQ | About | Company | Blog | Every system in your body, | in one blood draw. |  | We analyze over 100 critical biomarkers across 12 organ systems to construct your digital twin. No guessing, just precision data. |  | ","static.cloudflareinsights.com, www.regacore.com",Observed,High
how-it-works,https://www.regacore.com/how-it-works,1440x1000,screenshots/how-it-works_desktop.jpg,Regacore,"What we test | FAQs | Log in | Become a member | Menu | Log in | Be a member | Explore | What we test | How it works | FAQ | About | Company | Blog | BACK TO HOME | How Regacore Works |  | A continuous loop of biomarker testing, digital twin analysis, and personalized physician-led longevity protocols. |  | THE REGACORE EXPERIENCE | The c","static.cloudflareinsights.com, www.regacore.com",Observed,High
checkout,https://www.regacore.com/checkout,1440x1000,screenshots/checkout_desktop.jpg,Regacore,"Regacore membership | A health check like never before |  | Sign up to test 100+ biomarkers yearly, visualize health records and get a personalized plan that actually works. |  | Trusted by thousands of members. | 1 | Create your account | Email | Continue |  | Already have an account? Log in |  | 2 | Payment | Complete step 1 t","i.pravatar.cc, static.cloudflareinsights.com, www.regacore.com",Observed,High
login,https://www.regacore.com/login,1440x1000,screenshots/login_desktop.jpg,Regacore,regacore | Welcome back |  | Don't have an account? Create an account |  | EMAIL ADDRESS | PASSWORD | Login | Privacy Policy | Terms of Service,"static.cloudflareinsights.com, www.regacore.com",Observed,High
waitlist,https://www.regacore.com/waitlist,1440x1000,screenshots/waitlist_desktop.jpg,Regacore,< | Name | continue,"static.cloudflareinsights.com, www.regacore.com",Observed,High
privacy,https://www.regacore.com/privacy,1440x1000,screenshots/privacy_desktop.jpg,Privacy Policy | Regacore,"What we test | FAQs | Log in | Become a member | Menu | Log in | Be a member | Explore | What we test | How it works | FAQ | About | Company | Blog | Privacy Policy |  | Last Updated: May 2026 |  | Regacore Technologies Private Limited (""us"", ""we"", or ""Regacore"", which also includes its affiliates) is the author and publisher of the i","static.cloudflareinsights.com, www.regacore.com",Observed,High
termsandconditions,https://www.regacore.com/termsandconditions,1440x1000,screenshots/termsandconditions_desktop.jpg,Terms & Conditions | Regacore,"What we test | FAQs | Log in | Become a member | Menu | Log in | Be a member | Explore | What we test | How it works | FAQ | About | Company | Blog | Terms & Conditions |  | Regacore Private Limited (""Regacore"", ""we"", ""us""), is the author and publisher of the internet resource regacore.com and the mobile application 'Regacore' (to","static.cloudflareinsights.com, www.regacore.com",Observed,High
blog,https://www.regacore.com/blog,1440x1000,screenshots/blog_desktop.jpg,Regacore,"What we test | FAQs | Log in | Become a member | Menu | Log in | Be a member | Explore | What we test | How it works | FAQ | About | Company | Blog | BACK TO HOME | Longevity Journal |  | Clinical analyses, biological breakthroughs, and scientific recommendations from our medical advisory board. |  | All | Science | Longevity | Nutrition | Horm","static.cloudflareinsights.com, www.regacore.com",Observed,High
blog_science_of_biological_aging,https://www.regacore.com/blog/science-of-biological-aging,1440x1000,screenshots/blog_science_of_biological_aging_desktop.jpg,Regacore,"What we test | FAQs | Log in | Become a member | Menu | Log in | Be a member | Explore | What we test | How it works | FAQ | About | Company | Blog | BACK TO LONGEVITY JOURNAL | SCIENCE | The Science of Biological Aging: Beyond Chronological Time | July 01, 2026 | 8 min read | | | Written by Regacore Medical Advisory Board |  | How advanced b","static.cloudflareinsights.com, www.regacore.com",Observed,High
blog_understanding_apob,https://www.regacore.com/blog/understanding-apob,1440x1000,screenshots/blog_understanding_apob_desktop.jpg,Regacore,"What we test | FAQs | Log in | Become a member | Menu | Log in | Be a member | Explore | What we test | How it works | FAQ | About | Company | Blog | BACK TO LONGEVITY JOURNAL | SCIENCE | Understanding ApoB: The Key to Cardiovascular Longevity | June 28, 2026 | 6 min read | | | Written by Regacore Medical Advisory Board |  | Why standard lipi","static.cloudflareinsights.com, www.regacore.com",Observed,High
blog_hormonal_optimization,https://www.regacore.com/blog/hormonal-optimization,1440x1000,screenshots/blog_hormonal_optimization_desktop.jpg,Regacore,"What we test | FAQs | Log in | Become a member | Menu | Log in | Be a member | Explore | What we test | How it works | FAQ | About | Company | Blog | BACK TO LONGEVITY JOURNAL | HORMONES | Hormonal Optimization: Reclaiming Cognitive Focus and Vitality | June 18, 2026 | 5 min read | | | Written by Regacore Medical Advisory Board |  | An in-dep","static.cloudflareinsights.com, www.regacore.com",Observed,High
blog_longevity_protocol,https://www.regacore.com/blog/the-longevity-protocol,1440x1000,screenshots/blog_longevity_protocol_desktop.jpg,Regacore,"What we test | FAQs | Log in | Become a member | Menu | Log in | Be a member | Explore | What we test | How it works | FAQ | About | Company | Blog | BACK TO LONGEVITY JOURNAL | LONGEVITY | The Longevity Protocol: Sleep, Supplements, and Cellular Speed | June 12, 2026 | 7 min read | | | Written by Regacore Medical Advisory Board |  | How we c","static.cloudflareinsights.com, www.regacore.com",Observed,High
blog_quest_labs_vs_home,https://www.regacore.com/blog/quest-labs-vs-at-home-draws,1440x1000,screenshots/blog_quest_labs_vs_home_desktop.jpg,Regacore,"What we test | FAQs | Log in | Become a member | Menu | Log in | Be a member | Explore | What we test | How it works | FAQ | About | Company | Blog | BACK TO LONGEVITY JOURNAL | TECHNOLOGY | Quest Labs vs. At-Home Draws: The Phlebotomy Experience | June 05, 2026 | 4 min read | | | Written by Regacore Medical Advisory Board |  | How we streaml","static.cloudflareinsights.com, www.regacore.com",Observed,High
blog_metabolic_health,https://www.regacore.com/blog/optimizing-metabolic-health,1440x1000,screenshots/blog_metabolic_health_desktop.jpg,Regacore,"What we test | FAQs | Log in | Become a member | Menu | Log in | Be a member | Explore | What we test | How it works | FAQ | About | Company | Blog | BACK TO LONGEVITY JOURNAL | NUTRITION | Optimizing Your Metabolic Health: Glucose, Insulin, and Longevity | May 29, 2026 | 6 min read | | | Written by Regacore Medical Advisory Board |  | Why fa","static.cloudflareinsights.com, www.regacore.com",Observed,High
blog_digital_twin,https://www.regacore.com/blog/the-digital-twin-architecture,1440x1000,screenshots/blog_digital_twin_desktop.jpg,Regacore,"What we test | FAQs | Log in | Become a member | Menu | Log in | Be a member | Explore | What we test | How it works | FAQ | About | Company | Blog | BACK TO LONGEVITY JOURNAL | TECHNOLOGY | The Digital Twin: Building a Virtual Replica of Your Biology | May 20, 2026 | 9 min read | | | Written by Regacore Medical Advisory Board |  | How machin","static.cloudflareinsights.com, www.regacore.com",Observed,High
app_home,https://www.regacore.com/home,1440x1000,screenshots/app_home_desktop.jpg,Regacore,"Home | Data | Protocol | Concierge | Marketplace | invite friend | More | YOUR DIGITAL TWIN | CONNECTED | · Updated 2 mins ago | Updated Feb 17 | Model Version 1.2.0 | Good morning, Dev. |  | Here's what's most important today. |  | TODAY'S FOCUS | Reduce physiological stress | ACTIVE | Lower cortisol | → | Improve recovery | → | Expected impac","raw.githack.com, raw.githubusercontent.com, static.cloudflareinsights.com, www.regacore.com",Observed,High
app_data,https://www.regacore.com/data,1440x1000,screenshots/app_data_desktop.jpg,Twin Records - Regacore,Home | Data | Protocol | Concierge | Marketplace | invite friend | More | Twin | Records | Summary | B | Heart & Vascular Health | B | Metabolic Health | B | Sex Hormones | A | Thyroid Health | B | Inflammation | A | Liver Health | A | Kidney Health | A | Nutrients | E | Energy | B | Immune System | D | DNA Health | B | Brain Health | - | Gut Health | - | Toxin Exposure | S,"raw.githack.com, raw.githubusercontent.com, static.cloudflareinsights.com, www.regacore.com",Observed,High
app_protocol,https://www.regacore.com/protocol,1440x1000,screenshots/app_protocol_desktop.jpg,Regacore,Home | Data | Protocol | Concierge | Marketplace | invite friend | More | PROTOCOL | Review Your Protocol |  | Take a moment to step back and review your selection. Make sure it aligns with your health goals and feels right for you. |  | 1 | Optimize Your Gut for Peak Performance | Take the G.I. Integrity Supplement | Get Your R,"static.cloudflareinsights.com, www.regacore.com",Observed,High
app_concierge,https://www.regacore.com/concierge,1440x1000,screenshots/app_concierge_desktop.jpg,Concierge - Regacore Intelligence Layer,Home | Data | Protocol | Concierge | Marketplace | invite friend | More | New AI Chat | ⌘N | Specialist Directory | PINNED | ApoB Level & Lipids Review | CLINICAL REVIEWS |  | Review ApoB & LDL ratio |  | Cardiovascular | REPLIED |  | Keto diet and thyroid interaction |  | Nutrition | PENDING | HEALTH ANALYSES |  | Methylation Organ Summary |  | Feb 25,"eamolnbtsqbryztvagqo.supabase.co, images.unsplash.com, static.cloudflareinsights.com, www.regacore.com",Observed,High
app_marketplace,https://www.regacore.com/marketplace,1440x1000,screenshots/app_marketplace_desktop.jpg,Regacore,Home | Data | Protocol | Concierge | Marketplace | invite friend | More | Marketplace | All Products | Tests | Supplements | Prescriptions | Manage Subscriptions | | | View Orders | Filters | Total Health | Metabolic Health | Gut Health | Heart Health | Top tests for you |  | Most recommended |  | View all | > | ✧ | Best value | Book now | Regacore Blood P,"static.cloudflareinsights.com, www.regacore.com",Observed,High
notfound_terms,https://www.regacore.com/terms,1440x1000,screenshots/notfound_terms_desktop.jpg,404: This page could not be found.,"What we test | FAQs | Log in | Become a member | Menu | Log in | Be a member | Explore | What we test | How it works | FAQ | About | Company | Blog | 404 | This page could not be found. | regacore |  | The premium operating system for human longevity. Quantify your biomarkers, outsmart aging, and unlock peak performance. |  | Platform | How","static.cloudflareinsights.com, www.regacore.com",Observed,High
landing,https://www.regacore.com/,390x844,screenshots/landing_mobile.jpg,Regacore,"Menu | Log in | Be a member | Explore | What we test | How it works | FAQ | About | Company | Blog |  | Join our waitlist |  | Join waitlist | HSA/ FSA eligible | Get better at being | healthy, every year |  | 100+ biomarkers. A plan built around you. | Everything you need to act on it. |  | Become a member | See what we test | How it works |  | It","static.cloudflareinsights.com, www.regacore.com",Observed,High
checkout,https://www.regacore.com/checkout,390x844,screenshots/checkout_mobile.jpg,Regacore,"Regacore membership | A health check like never before |  | Sign up to test 100+ biomarkers yearly, visualize health records and get a personalized plan that actually works. |  | Trusted by thousands of members. | Regacore Membership | ₹10,800/yr |  | 100+ biomarkers, results tracked over time, and 24/7 access to you","i.pravatar.cc, static.cloudflareinsights.com, www.regacore.com",Observed,High
app_home,https://www.regacore.com/home,390x844,screenshots/app_home_mobile.jpg,Regacore,"Menu | NAVIGATE | Home | Data | Protocol | Concierge | Marketplace | ACCOUNT | Invite friend | More | YOUR DIGITAL TWIN | CONNECTED | · Updated 2 mins ago | Updated Feb 17 | Model Version 1.2.0 | Good morning, Dev. |  | Here's what's most important today. |  | TODAY'S FOCUS | Reduce physiological stress | ACTIVE | Lower cortisol | → | Improve rec","raw.githack.com, raw.githubusercontent.com, static.cloudflareinsights.com, www.regacore.com",Observed,High
app_data,https://www.regacore.com/data,390x844,screenshots/app_data_mobile.jpg,Twin Records - Regacore,Menu | NAVIGATE | Home | Data | Protocol | Concierge | Marketplace | ACCOUNT | Invite friend | More | Twin | Records | Select Category | Summary | Heart & Vascular Health (Grade B) | Metabolic Health (Grade B) | Sex Hormones (Grade B) | Thyroid Health (Grade A) | Inflammation (Grade B) | Liver Health (Grade A) | Kidney Health (Grade A) | Nu,"raw.githack.com, raw.githubusercontent.com, static.cloudflareinsights.com, www.regacore.com",Observed,High
app_concierge,https://www.regacore.com/concierge,390x844,screenshots/app_concierge_mobile.jpg,Concierge - Regacore Intelligence Layer,Menu | NAVIGATE | Home | Data | Protocol | Concierge | Marketplace | ACCOUNT | Invite friend | More | New AI Chat | ⌘N | Specialist Directory | PINNED | ApoB Level & Lipids Review | CLINICAL REVIEWS |  | Review ApoB & LDL ratio |  | Cardiovascular | REPLIED |  | Keto diet and thyroid interaction |  | Nutrition | PENDING | HEALTH ANALYSES |  | Methylation,"eamolnbtsqbryztvagqo.supabase.co, images.unsplash.com, static.cloudflareinsights.com, www.regacore.com",Observed,High
marketplace,https://www.regacore.com/marketplace,390x844,screenshots/marketplace_mobile.jpg,Regacore,Menu | NAVIGATE | Home | Data | Protocol | Concierge | Marketplace | ACCOUNT | Invite friend | More | Marketplace | All Products | Tests | Supplements | Prescriptions | Manage Subscriptions | | | View Orders | Filters | Total Health | Metabolic Health | Gut Health | Heart Health | Top tests for you |  | Most recommended |  | View all | > | ✧ | Best value | Boo,"static.cloudflareinsights.com, www.regacore.com",Observed,High
