Feature,Purpose,Evidence,User Value,Business Value,Engineering Complexity,Clinical Complexity,Infrastructure Complexity,Regulatory Complexity,Estimated Team (Engineers),Estimated Months,Priority,Category,Copy,Improve,Ignore,Reinvent,Moat,Confidence
Medicine Ordering,Core commerce transaction,🟢 Directly observed,High - solves access problem,High - primary revenue driver,Medium,Low,Medium,High,15-20,6-12,1 - Critical,Copy,Yes,No,No,No,Distribution - Strong,🟢 Confirmed
Prescription Upload,Regulatory requirement for Rx medicines,🟢 Directly observed,Medium - friction point,High - enables Rx sales,Medium,Low,Low,High,3-5,3,Copy with AI,Yes,Yes,No,No,Regulatory - Weak,🟢 Confirmed
Drug Information Database,SEO traffic & user education,🟢 Directly observed,High - helps decision making,High - SEO moat & acquisition,Medium,Medium,Medium,Low,5-10,12-18,Copy,Yes,No,No,No,SEO - Strong,🟢 Confirmed
AI Symptom Checker,"Triage patients to right specialty",🟢 Confirmed - StartupTalky,High - reduces friction,Medium - conversion tool,High,High,Medium,Medium,8-12,6-9,Improve,Yes,Yes,No,Yes,AI - Weak,🟢 Confirmed
Doctor Consultation,Telemedicine service,🟢 Directly observed,High - access to care,Medium - service revenue,High,High,Medium,High,10-15,12-18,Improve,Yes,Yes,No,Yes,Marketplace - Medium,🟢 Confirmed
Lab Test Booking,Diagnostics marketplace,🟢 Directly observed,High - convenience,High - high margin revenue,Medium,Medium,Low,High,5-8,6,Improve,Yes,Yes,No,No,Distribution - Strong,🟢 Confirmed
Home Sample Collection,Last-mile diagnostics delivery,🟢 Directly observed,High - eliminates travel,High - key differentiator,High,Medium,High,High,8-12,9-12,Improve,Yes,Yes,No,No,Operational - Medium,🟢 Confirmed
Care Plan Subscription,Paid membership program,🟢 Directly observed,Medium - saves money long term,High - recurring revenue lock-in,Medium,Low,Low,Medium,4-6,6,Copy,Yes,No,No,Yes,Switching Cost - Medium,🟢 Confirmed
Health Insights Hub,"Unified health records dashboard",🟢 Confirmed - Inc42,High - data consolidation,High - data moat building,High,Medium,High,High,10-15,12-18,Reinvent,No,Yes,No,Yes,Data - Building,🟡 Strong Inference
Family Hub,"Multi-member health management",🟢 Confirmed - CEO interviews,High - family health management,High - expands TAM via network effects,Medium,Low,Medium,Medium,5-8,6-9,Reinvent,No,Yes,No,Yes,Network Effects - Building,🟡 Strong Inference
Pulse B2B Platform,Pharma company insights,🟢 Confirmed - ET Retail,Low - B2B,High - diversifies revenue,High,High,High,High,15-20,18-24,Reinvent,No,Yes,No,Yes,Data - Building,🟢 Confirmed
Express Delivery (30-60 min),Quick commerce medicines,🟢 Confirmed - ET Retail,High - urgent needs,Medium - competitive necessity,High,Low,Very High,High,20-30,12-18,Conditional,Yes,No,Yes,No,Distribution - Building,🟢 Confirmed
Offline Stores (280+),Physical retail presence,🟢 Confirmed - multiple,High - omnichannel access,Medium - capital intensive,Very High,Low,Very High,Very High,30-50,Ongoing,Ignore in early stages,No,No,Yes,No,Infrastructure - Building,🟢 Confirmed
Order Tracking,Delivery visibility,🟢 Directly observed,Medium - reduces anxiety,Medium - reduces support load,Medium,Low,Medium,Low,3-5,3-6,Improve,Yes,Yes,No,No,Operational - Weak,🟢 Confirmed
Medicine Substitute AI,Cost-saving alternative suggestions,🟢 Directly observed,High - saves money,Medium - increases conversion,High,Medium,Low,Medium,4-6,6,Improve,Yes,Yes,No,Yes,AI - Weak,🟡 Strong Inference
Care Plan Auto-Renewal,Subscription retention,🟢 Inferred from subscription model,Low - automatic,High - reduces churn,Low,Low,Low,Low,2-3,1-3,Copy,Yes,No,No,No,Revenue - Medium,🟡 Strong Inference
Medication Reminders,Adherence improvement,🟡 Strong Inference,High - health outcomes,Medium - engagement,Low,Low,Low,Low,2-3,3,Copy,Yes,Yes,No,No,Engagement - Weak,🟡 Strong Inference
Gen AI Health Assistant,AI agent for health queries,🟢 Confirmed - Job posting,High - 24/7 support,Medium - differentiation,Very High,High,High,High,10-15,12-18,Reinvent,No,Yes,No,Yes,AI - Building,🟢 Confirmed
Specialty Care Programs,"Obesity, cancer care pathways",🟢 Confirmed - ET,High - comprehensive care,High - higher LTV,High,Very High,Medium,Very High,10-20,18-24,Improve,Yes,Yes,No,Yes,Clinical - Building,🟢 Confirmed
Private Label Products,Own-brand wellness products,🟢 Confirmed - multiple,Medium - trusted products,High - margin expansion,Low,Low,Medium,Medium,3-5,6-9,Copy,Yes,No,No,No,Brand - Strong,🟢 Confirmed
Corporate Health Programs,B2B wellness for employers,🟢 Confirmed - OneBanc partnership,Medium - employee benefit,High - enterprise revenue,Medium,Medium,Medium,High,8-12,12-18,Reinvent,No,Yes,No,Yes,B2B - Building,🟢 Confirmed
Health Articles/Content,SEO & user education,🟢 Directly observed,Medium - information,Medium - SEO & trust,Low,Medium,Low,Low,3-5,Ongoing,Copy,Yes,No,No,No,SEO - Strong,🟢 Confirmed
AI Health Score,"Personal health scoring algorithm",🟢 Confirmed - Inc42,High - self-assessment,High - engagement & data,High,High,Medium,Medium,6-10,9-12,Reinvent,No,Yes,No,Yes,AI - Building,🟡 Strong Inference
Wearable Data Integration,Import from wearables,🟡 Strong Inference - mentioned,High - comprehensive tracking,High - data moat,Medium,Low,High,High,6-8,9-12,Reinvent,No,Yes,No,Yes,Data - Future,🔴 Speculation
Vaccination Services,At-home adult vaccination,🟢 Confirmed - Wikipedia,High - convenience,Medium - service expansion,Medium,High,Medium,High,4-6,6-9,Copy,Yes,No,No,No,Service - Weak,🟢 Confirmed
ABHA Integration,Government health ID connect,🟡 Strong Inference,Medium - portability,High - regulatory alignment,Medium,Low,Medium,Medium,3-5,3-6,Copy,Yes,No,No,No,Regulatory - Medium,🔴 Speculation
Medication Interaction Checker,Drug safety feature,🟡 Strong Inference,High - safety critical,Medium - trust building,High,Very High,Low,Medium,5-8,9-12,Reinvent,No,Yes,No,Yes,Clinical - Building,🔴 Speculation
Radiology AI Integration,AI diagnostics for imaging,🟢 Confirmed - 5C Network investment,High - faster diagnosis,Medium - differentiation,Very High,Very High,High,Very High,10-20,18-24,Improve,Yes,Yes,No,Yes,AI - Building,🟢 Confirmed
Tele-ICU/Remote Monitoring,Chronic care at home,🔴 Speculation,High - critical for chronic,High - LTV expansion,Very High,Very High,High,Very High,15-25,24-36,Future,No,Yes,No,Yes,Clinical - Future,🔴 Speculation
Health Data Export/API,User data portability,🔴 Speculation,High - user control,Medium - ecosystem play,High,Low,High,High,6-10,9-12,Reinvent,No,Yes,No,Yes,Developer - Future,🔴 Speculation
Mental Health Services,Psychological support,🔴 Speculation,Very High - growing need,Medium - TAM expansion,Medium,Very High,Medium,High,8-12,12-18,Future,No,Yes,No,Yes,Clinical - Future,🔴 Speculation
Clinical Trial Matching,Connect patients to trials,🔴 Speculation,Medium - access to innovation,Medium - pharma partnership,High,Very High,Medium,Very High,6-10,18-24,Future,No,Yes,No,Yes,Data - Future,🔴 Speculation
Genomic Data Integration,DNA-based health insights,🔴 Speculation,Very High - personalized,High - ultimate moat,Very High,Very High,Very High,Very High,15-25,36+,Future,No,No,No,Yes,Data - Future,🔴 Speculation
Insurance Claim Integration,Direct insurance processing,🔴 Speculation,Medium - reduces paperwork,High - B2B play,High,Medium,High,Very High,8-12,12-18,Future,No,Yes,No,Yes,B2B - Future,🔴 Speculation
Health Savings Platform,Financial health product,🔴 Speculation,Medium - savings,High - fintech revenue,Very High,Low,Very High,Very High,15-25,24-36,Future,No,No,No,Yes,Brand - Future,🔴 Speculation
